sample_id,patient_name,dob,sex,enrollment_site,glucose_value,glucose_unit,notes,glucose_mg_dl
S0001,A. Nguyen,1962-07-09,Female,Site B,145.9,mg/dL,,145.9
S0002,T. Patel,1974-12-16,Male,Site C,146.1,mg/dL,,146.1
S0003,R. Martinez,1953-11-24,Female,Site B,84.2,mg/dL,,84.2
S0004,A. Patel,1957-02-27,Female,Site B,120.0,mg/dL,,120.0
S0005,B. Martinez,1997-12-02,Male,Site B,138.3,mg/dL,,138.3
S0006,R. Kim,1968-12-05,Female,Site C,159.9,mmol/L,,2881.1
S0007,T. Martinez,1969-09-04,Unknown,Site A,206.0,mg/dL,,206.0
S0008,K. Davis,1999-08-20,Female,Site C,229.3,mg/dL,,229.3
S0009,S. Davis,1995-07-19,Male,Site C,185.0,mg/dL,,185.0
S0010,A. Martinez,1951-10-01,Female,Site C,215.2,mg/dL,re-draw requested,215.2
S0011,B. Davis,1961-07-09,Male,Site A,165.0,mmol/L,,2973.0
S0012,T. Johnson,1996-06-07,Unknown,Site A,110.4,mg/dL,re-draw requested,110.4
S0013,A. Patel,1952-10-26,Female,Site B,112.8,mmol/L,,2032.5
S0014,K. Kim,1958-09-12,Female,Site B,144.0,mg/dL,,144.0
S0015,B. Patel,1998-02-11,Male,Site B,103.0,mmol/L,,1855.9
S0016,A. Davis,1958-05-15,Unknown,Site B,157.4,mg/dL,,157.4
S0017,K. Nguyen,2015-07-16,Unknown,Site A,123.4,mg/dL,,123.4
S0018,J. Smith,1957-03-10,Female,Site B,82.2,mg/dL,,82.2
S0019,B. Kim,2000-09-16,Male,Site A,190.6,mg/dL,,190.6
S0020,B. Smith,2000-07-05,Female,Site B,108.4,mg/dL,,108.4
S0021,K. Davis,2004-11-16,Male,Site C,88.6,mg/dL,,88.6
S0022,M. Johnson,2006-11-25,Unknown,Site A,233.0,mg/dL,,233.0
S0023,S. Lee,1999-06-30,Male,Site A,83.5,mg/dL,,83.5
S0024,S. Johnson,1953-07-31,Female,Site C,114.9,mg/dL,,114.9
S0025,M. Lee,1965-11-19,Male,Site A,202.6,mg/dL,,202.6
S0026,J. Garcia,1953-06-22,Female,Site A,217.0,mmol/L,,3909.9
S0027,T. Johnson,1956-03-24,Female,Site C,161.7,mg/dL,,161.7
S0028,S. Smith,1988-12-26,Female,Site B,179.1,mg/dL,,179.1
S0029,M. Johnson,2009-08-04,Female,Site C,222.6,mg/dL,,222.6
S0030,M. Kim,1984-01-06,Male,Site B,168.6,mg/dL,,168.6
S0031,K. Brown,1995-11-11,Male,Site C,85.3,mg/dL,,85.3
S0032,J. Smith,1992-08-17,Unknown,Site B,229.5,mg/dL,,229.5
S0033,B. Kim,2012-06-07,Male,Site B,114.9,mg/dL,,114.9
S0034,K. Martinez,1995-04-15,Unknown,Site A,203.9,mmol/L,,3673.9
S0035,K. Patel,1956-12-13,Female,Site A,130.5,mg/dL,,130.5
S0036,T. Johnson,1987-04-21,Unknown,Site C,145.6,mg/dL,,145.6
S0037,T. Kim,2015-11-28,Unknown,Site A,119.1,mmol/L,re-draw requested,2146.0
S0038,K. Lee,1997-12-02,Unknown,Site B,171.6,mg/dL,,171.6
S0039,R. Patel,1980-04-12,Male,Site C,241.2,mmol/L,,4346.0
S0040,R. Patel,2008-06-21,Male,Site A,105.9,mg/dL,,105.9
S0041,K. Nguyen,1965-01-20,Male,Site A,89.5,mg/dL,,89.5
S0042,M. Garcia,2006-04-10,Female,Site C,209.0,mg/dL,,209.0
S0043,B. Davis,1951-02-19,Unknown,Site A,148.0,mg/dL,,148.0
S0044,S. Martinez,1998-04-13,Unknown,Site B,218.6,mg/dL,,218.6
S0045,K. Martinez,1984-01-01,Male,Site B,223.2,mg/dL,,223.2
S0046,S. Davis,1967-02-21,Female,Site C,143.2,mg/dL,,143.2
S0047,M. Kim,1977-06-21,Unknown,Site B,165.6,mmol/L,,2983.8
S0048,M. Garcia,1978-04-23,Male,Site A,108.9,mmol/L,,1962.2
S0049,M. Nguyen,1966-02-05,Male,Site C,166.1,mg/dL,re-draw requested,166.1
S0050,K. Garcia,2001-07-02,Unknown,Site B,149.3,mg/dL,,149.3
S0051,K. Garcia,2011-08-02,Male,Site A,216.0,mg/dL,,216.0
S0052,M. Davis,1989-09-20,Unknown,Site A,172.4,mg/dL,,172.4
S0053,B. Lee,1999-07-10,Male,Site A,143.5,mmol/L,,2585.6
S0054,M. Nguyen,2006-01-28,Unknown,Site A,168.0,mg/dL,,168.0
S0055,S. Brown,2011-10-14,Unknown,Site A,160.1,mmol/L,,2884.7
S0056,A. Garcia,2010-06-30,Male,Site B,77.2,mg/dL,,77.2
S0057,K. Garcia,1986-08-20,Female,Site C,88.8,mg/dL,,88.8
S0058,A. Brown,1972-08-23,Female,Site C,142.8,mg/dL,,142.8
S0059,K. Brown,1968-04-06,Male,Site A,148.9,mmol/L,,2682.9
S0060,A. Davis,1970-02-27,Unknown,Site A,186.6,mg/dL,,186.6