sample_id,patient_name,dob,sex,enrollment_site,glucose_value,glucose_unit,notes
S0001,A. Nguyen,07/09/1962,F,siteB,145.9,mg/dL,
S0002,T. Patel,12/16/1974,Male,Site  C,146.1,MG/DL,
s-0003,R. Martinez,11.24.53,F,Site B,84.2,MG/DL,
S0004,A. Patel,1957-02-27,F,Site B,120.0,MG/DL,
S0005,B. Martinez,1997-12-02,Male,Site B,138.3,mg/dl,
s-0006,R. Kim,05-Dec-1968,Female,Site  C,159.9,mmol/L,
S0007,T. Martinez,1969-09-04,unknown,Site A,206.0,mg/dL,
S0008,K. Davis,08/20/1999,F,Site  C,229.3,MG/DL,
s-0009,S. Davis,07/19/1995,m,Site C ,185.0,mg/dl,
S0010,A. Martinez,10/01/1951,f,Site C ,215.2,mg/dl,re-draw requested
S0011,B. Davis,07.09.61,Male,SITE-A,165.0,mmol/L,
S0012,T. Johnson,06.07.96,,site_a,110.4,MG/DL,re-draw requested
S0013,A. Patel,26-Oct-1952,F,siteB,112.8,mmol/L,
S0014,K. Kim,09.12.58,f,Site B,144.0,mg/dL,
S0015,B. Patel,02.11.98,Male,Site B,103.0,mmol/L,
S0016,A. Davis,1958-05-15,,Site B,157.4,mg/dl,
S0017,K. Nguyen,07.16.15,,site_a,123.4,mg/dL,
S0018,J. Smith,1957-03-10,F,siteB,82.2,mg/dl,
s-0019,B. Kim,16-Sep-2000,m,site_a,190.6,MG/DL,
S0020,B. Smith,07/05/2000,F,siteB,108.4,MG/DL,
S0021,K. Davis,11/16/2004,m,Site  C,88.6,mg/dl,
S0022,M. Johnson,25-Nov-2006,,SITE-A,233.0,mg/dL,
S0023,S. Lee,06.30.99,M,Site A,83.5,mg/dl,
S0024,S. Johnson,31-Jul-1953,Female,Site  C,114.9,mg/dL,
S0025,M. Lee,11.19.65,M,site_a,202.6,MG/DL,
S0026,J. Garcia,06.22.53,Female,site_a,217.0,mmol/L,
S0027,T. Johnson,24-Mar-1956,f,Site  C,161.7,MG/DL,
S0028,S. Smith,26-Dec-1988,f,Site B,179.1,mg/dL,
s-0029,M. Johnson,04-Aug-2009,f,Site  C,222.6,MG/DL,
S0030,M. Kim,1984-01-06,m,Site B,168.6,mg/dL,
S0031,K. Brown,11.11.95,Male,Site  C,85.3,MG/DL,
S0032,J. SMITH,08/17/1992,unknown,Site B,229.5,mg/dl,
S0033,B. Kim,06.07.12,M,siteB,114.9,mg/dL,
S0034,K. Martinez,04.15.95,unknown,site_a,203.9,mmol/L,
S0035,K. Patel,13-Dec-1956,Female,SITE-A,130.5,mg/dL,
s-0036,T. Johnson,04/21/1987,,Site C ,145.6,mg/dL,
S0037,T. Kim,2015-11-28,unknown,site_a,119.1,mmol/L,re-draw requested
S0038,K. Lee,12/02/1997,U,siteB,171.6,mg/dL,
S0039,R. Patel,04.12.80,m,Site C ,241.2*,mmol/L,
S0040,R. Patel,06/21/2008,M,site_a,105.9,mg/dL,
S0041,K. Nguyen,01/20/1965,Male,SITE-A,89.5,mg/dL,
S0042,M. Garcia,2006-04-10,F,Site  C,209.0*,mg/dL,
S0043,B. Davis,02.19.51,unknown,Site A,148.0,MG/DL,
S0044,S. Martinez,04.13.98,unknown,Site B,218.6,MG/DL,
S0045,K. Martinez,01-Jan-1984,M,Site B,223.2,mg/dl,
S0046,S. DAVIS,02/21/1967,Female,Site  C,143.2,mg/dl,
s-0047,M. Kim,21-Jun-1977,unknown,siteB,165.6,mmol/L,
S0048,M. Garcia,04/23/1978,Male,site_a,108.9,mmol/L,
S0049,M. Nguyen,05-Feb-1966,M,Site  C,166.1,MG/DL,re-draw requested
S0050,K. Garcia,02-Jul-2001,unknown,Site B,149.3,mg/dl,
s-0051,K. Garcia,08/02/2011,Male,site_a,216.0,MG/DL,
S0052,M. Davis,20-Sep-1989,U,SITE-A,172.4,mg/dL,
S0053,B. Lee,07/10/1999,Male,Site A,143.5,mmol/L,
S0054,M. Nguyen,2006-01-28,U,Site A,168.0,mg/dl,
S0055,S. Brown,14-Oct-2011,U,SITE-A,160.1,mmol/L,
S0056,A. Garcia,06/30/2010,m,siteB,77.2,mg/dl,
S0057,K. Garcia,20-Aug-1986,f,Site  C,88.8,mg/dl,
S0058,A. Brown,23-Aug-1972,F,Site C ,142.8,mg/dL,
S0059,K. Brown,06-Apr-1968,Male,SITE-A,148.9,mmol/L,
S0060,A. Davis,02/27/1970,unknown,Site A,186.6,mg/dl,
